timestamp,git,seed,hidden_sizes,dropout,lr,batch_size,epochs,n_params,final_val_acc,best_val_acc,best_epoch,final_val_loss,final_train_acc,train_minus_val,seconds,model,model_args,val_acc,val_loss,train_acc,config,acc_shift_1px,acc_shift_2px,acc_shift_3px,acc_shift_4px
2026-08-18T21:23:48,0318d43,0,128,0.0,0.001,64,10,101770.0,0.97024,0.97024,10.0,0.09988,0.99506,0.02482,9.0,,,,,,,,,,
2026-08-18T21:23:57,0318d43,1,128,0.0,0.001,64,10,101770.0,0.96738,0.96738,10.0,0.11094,0.99176,0.02438,8.5,,,,,,,,,,
2026-08-18T21:24:06,0318d43,2,128,0.0,0.001,64,10,101770.0,0.96857,0.96869,7.0,0.10209,0.99464,0.02607,9.2,,,,,,,,,,
2026-08-18T21:24:15,0318d43,3,128,0.0,0.001,64,10,101770.0,0.96964,0.96964,10.0,0.10019,0.99339,0.02375,9.5,,,,,,,,,,
2026-08-18T21:24:25,0318d43,4,128,0.0,0.001,64,10,101770.0,0.96964,0.96964,10.0,0.10395,0.99348,0.02384,9.5,,,,,,,,,,
2026-08-18T21:24:39,0318d43,0,256-128,0.0,0.001,64,10,235146.0,0.97226,0.97452,9.0,0.11508,0.99604,0.02378,13.8,,,,,,,,,,
2026-08-18T21:24:52,0318d43,1,256-128,0.0,0.001,64,10,235146.0,0.97274,0.97536,8.0,0.11423,0.99574,0.02301,13.6,,,,,,,,,,
2026-08-18T21:25:06,0318d43,2,256-128,0.0,0.001,64,10,235146.0,0.97012,0.97417,8.0,0.12073,0.99476,0.02464,13.9,,,,,,,,,,
2026-08-18T21:25:20,0318d43,3,256-128,0.0,0.001,64,10,235146.0,0.97024,0.97274,6.0,0.1298,0.99187,0.02164,14.2,,,,,,,,,,
2026-08-18T21:25:35,0318d43,4,256-128,0.0,0.001,64,10,235146.0,0.9725,0.97393,8.0,0.12031,0.99542,0.02292,14.4,,,,,,,,,,
2026-08-18T21:26:02,0318d43,0,512-256-128,0.0,0.001,64,10,567434.0,0.97429,0.97429,10.0,0.10672,0.99521,0.02092,27.0,,,,,,,,,,
2026-08-18T21:26:30,0318d43,1,512-256-128,0.0,0.001,64,10,567434.0,0.97464,0.97464,10.0,0.11166,0.99753,0.02289,28.5,,,,,,,,,,
2026-08-18T21:27:00,0318d43,2,512-256-128,0.0,0.001,64,10,567434.0,0.9725,0.97321,8.0,0.12348,0.99527,0.02277,29.8,,,,,,,,,,
2026-08-18T21:27:30,0318d43,3,512-256-128,0.0,0.001,64,10,567434.0,0.97,0.97476,7.0,0.15506,0.99274,0.02274,29.6,,,,,,,,,,
2026-08-18T21:27:59,0318d43,4,512-256-128,0.0,0.001,64,10,567434.0,0.97345,0.9756,8.0,0.12371,0.99488,0.02143,29.4,,,,,,,,,,
2026-08-18T22:00:41,0,128,0.0,0.001,64.0,10,101770,0.97024,0.97024,10.0,0.09988,0.99506,0.02482,9.5,,,,,,,,,,,
2026-08-18T22:00:50,1,128,0.0,0.001,64.0,10,101770,0.96738,0.96738,10.0,0.11094,0.99176,0.02438,9.0,,,,,,,,,,,
2026-08-18T22:00:59,2,128,0.0,0.001,64.0,10,101770,0.96857,0.96869,7.0,0.10209,0.99464,0.02607,9.6,,,,,,,,,,,
2026-08-18T22:01:09,3,128,0.0,0.001,64.0,10,101770,0.96964,0.96964,10.0,0.10019,0.99339,0.02375,9.9,,,,,,,,,,,
2026-08-18T22:01:19,4,128,0.0,0.001,64.0,10,101770,0.96964,0.96964,10.0,0.10395,0.99348,0.02384,10.0,,,,,,,,,,,
2026-08-18T22:01:33,0,256-128,0.0,0.001,64.0,10,235146,0.97226,0.97452,9.0,0.11508,0.99604,0.02378,13.5,,,,,,,,,,,
2026-08-18T22:01:47,1,256-128,0.0,0.001,64.0,10,235146,0.97274,0.97536,8.0,0.11423,0.99574,0.02301,13.9,,,,,,,,,,,
2026-08-18T22:02:01,2,256-128,0.0,0.001,64.0,10,235146,0.97012,0.97417,8.0,0.12073,0.99476,0.02464,14.1,,,,,,,,,,,
2026-08-18T22:02:15,3,256-128,0.0,0.001,64.0,10,235146,0.97024,0.97274,6.0,0.1298,0.99187,0.02164,14.6,,,,,,,,,,,
2026-08-18T22:02:30,4,256-128,0.0,0.001,64.0,10,235146,0.9725,0.97393,8.0,0.12031,0.99542,0.02292,14.6,,,,,,,,,,,
2026-08-18T22:02:57,0,512-256-128,0.0,0.001,64.0,10,567434,0.97429,0.97429,10.0,0.10672,0.99521,0.02092,26.9,,,,,,,,,,,
2026-08-18T22:03:25,1,512-256-128,0.0,0.001,64.0,10,567434,0.97464,0.97464,10.0,0.11166,0.99753,0.02289,27.6,,,,,,,,,,,
2026-08-18T22:03:53,2,512-256-128,0.0,0.001,64.0,10,567434,0.9725,0.97321,8.0,0.12348,0.99527,0.02277,28.7,,,,,,,,,,,
2026-08-18T22:04:22,3,512-256-128,0.0,0.001,64.0,10,567434,0.97,0.97476,7.0,0.15506,0.99274,0.02274,28.4,,,,,,,,,,,
2026-08-18T22:04:52,4,512-256-128,0.0,0.001,64.0,10,567434,0.97345,0.9756,8.0,0.12371,0.99488,0.02143,30.1,,,,,,,,,,,
2026-08-19T00:08:27,0,128,0.0,0.001,64.0,10,101770,0.97024,0.97024,10.0,0.09988,0.99506,0.02482,15.0,,,,,,,,,,,
2026-08-19T00:08:42,1,128,0.0,0.001,64.0,10,101770,0.96738,0.96738,10.0,0.11094,0.99176,0.02438,14.8,,,,,,,,,,,
2026-08-19T00:09:00,2,128,0.0,0.001,64.0,10,101770,0.96857,0.96869,7.0,0.10209,0.99464,0.02607,18.2,,,,,,,,,,,
2026-08-19T00:09:20,3,128,0.0,0.001,64.0,10,101770,0.96964,0.96964,10.0,0.10019,0.99339,0.02375,19.4,,,,,,,,,,,
2026-08-19T00:09:40,4,128,0.0,0.001,64.0,10,101770,0.96964,0.96964,10.0,0.10395,0.99348,0.02384,20.0,,,,,,,,,,,
2026-08-19T00:10:06,0,256-128,0.0,0.001,64.0,10,235146,0.97226,0.97452,9.0,0.11508,0.99604,0.02378,26.3,,,,,,,,,,,
2026-08-19T00:10:31,1,256-128,0.0,0.001,64.0,10,235146,0.97274,0.97536,8.0,0.11423,0.99574,0.02301,24.5,,,,,,,,,,,
2026-08-19T00:11:01,2,256-128,0.0,0.001,64.0,10,235146,0.97012,0.97417,8.0,0.12073,0.99476,0.02464,30.7,,,,,,,,,,,
2026-08-19T00:11:34,3,256-128,0.0,0.001,64.0,10,235146,0.97024,0.97274,6.0,0.1298,0.99187,0.02164,33.1,,,,,,,,,,,
2026-08-19T00:12:10,4,256-128,0.0,0.001,64.0,10,235146,0.9725,0.97393,8.0,0.12031,0.99542,0.02292,35.4,,,,,,,,,,,
2026-08-19T00:13:11,0,512-256-128,0.0,0.001,64.0,10,567434,0.97429,0.97429,10.0,0.10672,0.99521,0.02092,60.9,,,,,,,,,,,
2026-08-19T00:14:07,1,512-256-128,0.0,0.001,64.0,10,567434,0.97464,0.97464,10.0,0.11166,0.99753,0.02289,55.8,,,,,,,,,,,
2026-08-19T00:15:05,2,512-256-128,0.0,0.001,64.0,10,567434,0.9725,0.97321,8.0,0.12348,0.99527,0.02277,58.7,,,,,,,,,,,
2026-08-19T00:16:02,3,512-256-128,0.0,0.001,64.0,10,567434,0.97,0.97476,7.0,0.15506,0.99274,0.02274,57.0,,,,,,,,,,,
2026-08-19T00:16:56,4,512-256-128,0.0,0.001,64.0,10,567434,0.97345,0.9756,8.0,0.12371,0.99488,0.02143,53.6,,,,,,,,,,,
2026-08-19T15:08:07,0,128,0.0,0.001,64.0,10,101770,0.97024,0.97024,10.0,0.09988,0.99506,0.02482,9.6,,,,,,,,,,,
2026-08-19T15:08:16,1,128,0.0,0.001,64.0,10,101770,0.96738,0.96738,10.0,0.11094,0.99176,0.02438,9.0,,,,,,,,,,,
2026-08-19T15:08:25,2,128,0.0,0.001,64.0,10,101770,0.96857,0.96869,7.0,0.10209,0.99464,0.02607,9.5,,,,,,,,,,,
2026-08-19T15:08:35,3,128,0.0,0.001,64.0,10,101770,0.96964,0.96964,10.0,0.10019,0.99339,0.02375,9.7,,,,,,,,,,,
2026-08-19T15:08:45,4,128,0.0,0.001,64.0,10,101770,0.96964,0.96964,10.0,0.10395,0.99348,0.02384,10.1,,,,,,,,,,,
2026-08-19T15:09:06,0,256-128,0.0,0.001,64.0,10,235146,0.97226,0.97452,9.0,0.11508,0.99604,0.02378,20.4,,,,,,,,,,,
2026-08-19T15:09:31,1,256-128,0.0,0.001,64.0,10,235146,0.97274,0.97536,8.0,0.11423,0.99574,0.02301,24.8,,,,,,,,,,,
2026-08-19T15:09:49,2,256-128,0.0,0.001,64.0,10,235146,0.97012,0.97417,8.0,0.12073,0.99476,0.02464,18.9,,,,,,,,,,,
2026-08-19T15:10:10,3,256-128,0.0,0.001,64.0,10,235146,0.97024,0.97274,6.0,0.1298,0.99187,0.02164,20.1,,,,,,,,,,,
2026-08-19T15:10:29,4,256-128,0.0,0.001,64.0,10,235146,0.9725,0.97393,8.0,0.12031,0.99542,0.02292,19.0,,,,,,,,,,,
2026-08-19T15:11:09,0,512-256-128,0.0,0.001,64.0,10,567434,0.97429,0.97429,10.0,0.10672,0.99521,0.02092,40.6,,,,,,,,,,,
2026-08-19T15:12:04,1,512-256-128,0.0,0.001,64.0,10,567434,0.97464,0.97464,10.0,0.11166,0.99753,0.02289,54.5,,,,,,,,,,,
2026-08-19T15:12:55,2,512-256-128,0.0,0.001,64.0,10,567434,0.9725,0.97321,8.0,0.12348,0.99527,0.02277,51.4,,,,,,,,,,,
2026-08-19T15:13:38,3,512-256-128,0.0,0.001,64.0,10,567434,0.97,0.97476,7.0,0.15506,0.99274,0.02274,43.1,,,,,,,,,,,
2026-08-19T15:14:14,4,512-256-128,0.0,0.001,64.0,10,567434,0.97345,0.9756,8.0,0.12371,0.99488,0.02143,35.9,,,,,,,,,,,
2026-08-19T15:15:46,c3b832b,0,,,0.001,64,10,101770.0,,,,,,0.0253,10.1,mlp,"{""hidden_sizes"": [128]}",0.96964,0.10516,0.99494,"{""batch_size"": 64, ""epochs"": 10, ""lr"": 0.001, ""model"": ""mlp"", ""model_args"": {""hidden_sizes"": [128]}}",0.94452,0.79012,0.5094,0.30667
2026-08-19T15:15:57,c3b832b,1,,,0.001,64,10,101770.0,,,,,,0.02482,9.5,mlp,"{""hidden_sizes"": [128]}",0.96952,0.09815,0.99435,"{""batch_size"": 64, ""epochs"": 10, ""lr"": 0.001, ""model"": ""mlp"", ""model_args"": {""hidden_sizes"": [128]}}",0.94095,0.75655,0.4825,0.2856
2026-08-19T15:16:07,c3b832b,2,,,0.001,64,10,101770.0,,,,,,0.02432,9.8,mlp,"{""hidden_sizes"": [128]}",0.97095,0.09901,0.99527,"{""batch_size"": 64, ""epochs"": 10, ""lr"": 0.001, ""model"": ""mlp"", ""model_args"": {""hidden_sizes"": [128]}}",0.94524,0.78786,0.47595,0.2806
2026-08-19T15:16:18,c3b832b,3,,,0.001,64,10,101770.0,,,,,,0.02348,9.9,mlp,"{""hidden_sizes"": [128]}",0.97036,0.10082,0.99384,"{""batch_size"": 64, ""epochs"": 10, ""lr"": 0.001, ""model"": ""mlp"", ""model_args"": {""hidden_sizes"": [128]}}",0.94,0.77321,0.51238,0.3194
2026-08-19T15:16:29,c3b832b,4,,,0.001,64,10,101770.0,,,,,,0.02539,10.2,mlp,"{""hidden_sizes"": [128]}",0.96929,0.10073,0.99467,"{""batch_size"": 64, ""epochs"": 10, ""lr"": 0.001, ""model"": ""mlp"", ""model_args"": {""hidden_sizes"": [128]}}",0.94607,0.79036,0.51643,0.31464
2026-08-19T15:16:45,c3b832b,0,,,0.001,64,10,235146.0,,,,,,0.02095,15.3,mlp,"{""hidden_sizes"": [256, 128]}",0.97381,0.11988,0.99476,"{""batch_size"": 64, ""epochs"": 10, ""lr"": 0.001, ""model"": ""mlp"", ""model_args"": {""hidden_sizes"": [256, 128]}}",0.95619,0.82905,0.56167,0.37024
2026-08-19T15:17:00,c3b832b,1,,,0.001,64,10,235146.0,,,,,,0.02196,14.3,mlp,"{""hidden_sizes"": [256, 128]}",0.97345,0.1046,0.99542,"{""batch_size"": 64, ""epochs"": 10, ""lr"": 0.001, ""model"": ""mlp"", ""model_args"": {""hidden_sizes"": [256, 128]}}",0.94869,0.80905,0.5275,0.34369
2026-08-19T15:17:15,c3b832b,2,,,0.001,64,10,235146.0,,,,,,0.02274,14.0,mlp,"{""hidden_sizes"": [256, 128]}",0.95917,0.175,0.9819,"{""batch_size"": 64, ""epochs"": 10, ""lr"": 0.001, ""model"": ""mlp"", ""model_args"": {""hidden_sizes"": [256, 128]}}",0.93917,0.81702,0.54286,0.34583
2026-08-19T15:17:30,c3b832b,3,,,0.001,64,10,235146.0,,,,,,0.02345,14.2,mlp,"{""hidden_sizes"": [256, 128]}",0.96917,0.13012,0.99262,"{""batch_size"": 64, ""epochs"": 10, ""lr"": 0.001, ""model"": ""mlp"", ""model_args"": {""hidden_sizes"": [256, 128]}}",0.95071,0.80393,0.51631,0.31381
2026-08-19T15:17:45,c3b832b,4,,,0.001,64,10,235146.0,,,,,,0.02235,14.2,mlp,"{""hidden_sizes"": [256, 128]}",0.9719,0.11898,0.99426,"{""batch_size"": 64, ""epochs"": 10, ""lr"": 0.001, ""model"": ""mlp"", ""model_args"": {""hidden_sizes"": [256, 128]}}",0.94786,0.80571,0.53512,0.32595
2026-08-19T15:18:14,c3b832b,0,,,0.001,64,10,567434.0,,,,,,0.02161,27.7,mlp,"{""hidden_sizes"": [512, 256, 128]}",0.97488,0.11728,0.99649,"{""batch_size"": 64, ""epochs"": 10, ""lr"": 0.001, ""model"": ""mlp"", ""model_args"": {""hidden_sizes"": [512, 256, 128]}}",0.94917,0.80131,0.52155,0.32119
2026-08-19T15:18:41,c3b832b,1,,,0.001,64,10,567434.0,,,,,,0.02202,26.1,mlp,"{""hidden_sizes"": [512, 256, 128]}",0.96857,0.12151,0.9906,"{""batch_size"": 64, ""epochs"": 10, ""lr"": 0.001, ""model"": ""mlp"", ""model_args"": {""hidden_sizes"": [512, 256, 128]}}",0.94464,0.8231,0.60369,0.37417
2026-08-19T15:19:09,c3b832b,2,,,0.001,64,10,567434.0,,,,,,0.02378,27.4,mlp,"{""hidden_sizes"": [512, 256, 128]}",0.96798,0.14731,0.99176,"{""batch_size"": 64, ""epochs"": 10, ""lr"": 0.001, ""model"": ""mlp"", ""model_args"": {""hidden_sizes"": [512, 256, 128]}}",0.94381,0.82286,0.55381,0.3306
2026-08-19T15:19:36,c3b832b,3,,,0.001,64,10,567434.0,,,,,,0.02122,25.8,mlp,"{""hidden_sizes"": [512, 256, 128]}",0.97024,0.13731,0.99146,"{""batch_size"": 64, ""epochs"": 10, ""lr"": 0.001, ""model"": ""mlp"", ""model_args"": {""hidden_sizes"": [512, 256, 128]}}",0.94679,0.80048,0.56869,0.37048
2026-08-19T15:20:03,c3b832b,4,,,0.001,64,10,567434.0,,,,,,0.01881,25.6,mlp,"{""hidden_sizes"": [512, 256, 128]}",0.97202,0.14268,0.99083,"{""batch_size"": 64, ""epochs"": 10, ""lr"": 0.001, ""model"": ""mlp"", ""model_args"": {""hidden_sizes"": [512, 256, 128]}}",0.95286,0.81333,0.57048,0.37714
2026-08-19T15:23:44,c3b832b,0,,,0.001,64,10,467818.0,,,,,,0.00899,211.0,cnn,"{""channels"": [32, 64]}",0.98619,0.06454,0.99518,"{""batch_size"": 64, ""epochs"": 10, ""lr"": 0.001, ""model"": ""cnn"", ""model_args"": {""channels"": [32, 64]}}",0.98071,0.95524,0.85738,0.67238
2026-08-19T15:27:49,c3b832b,1,,,0.001,64,10,467818.0,,,,,,0.0086,226.0,cnn,"{""channels"": [32, 64]}",0.98988,0.0433,0.99848,"{""batch_size"": 64, ""epochs"": 10, ""lr"": 0.001, ""model"": ""cnn"", ""model_args"": {""channels"": [32, 64]}}",0.98655,0.96202,0.85952,0.7169
2026-08-19T15:31:53,c3b832b,2,,,0.001,64,10,467818.0,,,,,,0.01021,222.8,cnn,"{""channels"": [32, 64]}",0.9881,0.0526,0.9983,"{""batch_size"": 64, ""epochs"": 10, ""lr"": 0.001, ""model"": ""cnn"", ""model_args"": {""channels"": [32, 64]}}",0.98286,0.95083,0.85964,0.6619
2026-08-19T15:35:38,c3b832b,3,,,0.001,64,10,467818.0,,,,,,0.0103,206.1,cnn,"{""channels"": [32, 64]}",0.98679,0.05546,0.99708,"{""batch_size"": 64, ""epochs"": 10, ""lr"": 0.001, ""model"": ""cnn"", ""model_args"": {""channels"": [32, 64]}}",0.98429,0.95024,0.82369,0.64988
2026-08-19T15:40:04,c3b832b,4,,,0.001,64,10,467818.0,,,,,,0.01086,245.8,cnn,"{""channels"": [32, 64]}",0.98774,0.05096,0.9986,"{""batch_size"": 64, ""epochs"": 10, ""lr"": 0.001, ""model"": ""cnn"", ""model_args"": {""channels"": [32, 64]}}",0.98393,0.96417,0.8706,0.70655
2026-08-19T15:45:19,c3b832b,0,,,0.001,64,10,468202.0,,,,,,0.00393,294.8,cnn,"{""batch_norm"": true, ""channels"": [32, 64], ""dropout"": 0.25}",0.99155,0.03511,0.99548,"{""batch_size"": 64, ""epochs"": 10, ""lr"": 0.001, ""model"": ""cnn"", ""model_args"": {""batch_norm"": true, ""channels"": [32, 64], ""dropout"": 0.25}}",0.98988,0.97488,0.90643,0.77548
2026-08-19T15:50:34,c3b832b,1,,,0.001,64,10,468202.0,,,,,,0.00521,291.3,cnn,"{""batch_norm"": true, ""channels"": [32, 64], ""dropout"": 0.25}",0.99167,0.03504,0.99687,"{""batch_size"": 64, ""epochs"": 10, ""lr"": 0.001, ""model"": ""cnn"", ""model_args"": {""batch_norm"": true, ""channels"": [32, 64], ""dropout"": 0.25}}",0.98976,0.98298,0.93452,0.81952
2026-08-19T15:56:07,c3b832b,2,,,0.001,64,10,468202.0,,,,,,0.00527,312.2,cnn,"{""batch_norm"": true, ""channels"": [32, 64], ""dropout"": 0.25}",0.99155,0.02959,0.99682,"{""batch_size"": 64, ""epochs"": 10, ""lr"": 0.001, ""model"": ""cnn"", ""model_args"": {""batch_norm"": true, ""channels"": [32, 64], ""dropout"": 0.25}}",0.98857,0.97905,0.92214,0.81476
2026-08-19T16:01:40,c3b832b,3,,,0.001,64,10,468202.0,,,,,,0.00426,311.5,cnn,"{""batch_norm"": true, ""channels"": [32, 64], ""dropout"": 0.25}",0.99155,0.03382,0.9958,"{""batch_size"": 64, ""epochs"": 10, ""lr"": 0.001, ""model"": ""cnn"", ""model_args"": {""batch_norm"": true, ""channels"": [32, 64], ""dropout"": 0.25}}",0.98988,0.9831,0.93905,0.83083
2026-08-19T16:07:30,c3b832b,4,,,0.001,64,10,468202.0,,,,,,0.00542,327.0,cnn,"{""batch_norm"": true, ""channels"": [32, 64], ""dropout"": 0.25}",0.99119,0.03204,0.99661,"{""batch_size"": 64, ""epochs"": 10, ""lr"": 0.001, ""model"": ""cnn"", ""model_args"": {""batch_norm"": true, ""channels"": [32, 64], ""dropout"": 0.25}}",0.98917,0.97583,0.92571,0.8481
